True Sentence,Predicted Sentence,Accuracy,Wrong syllables,LLM Sentence,LLM Accuracy,LLM Wrong syllables
the government will be investing in infrastructure to prevent sewage from polluting waterways,the?government?will?be?investing?in?infrastructure?to?prevent?sewage?from?polluting?waterways,1.0,0,the government will be investing in infrastructure to prevent sewage from polluting waterways,1.0,0
cosmologists will be studying the evolution of the cosmic microwave background,xosmologists?will?be?studying?the?evolution?of?the?cosmic?microwave?background,0.9871794871794872,1,xosmologists will be studying the evolution of the cosmic microwave background,0.9871794871794872,1
predictive analytics will drive the development of anticipatory visualizations,predictive?amalytics?will?drive?the?denelopment?of?anticipatory?visualizations,0.9743589743589745,2,predictive analytics will drive the development of anticipatory visualizations,1.0,0
fashion houses have embraced the use of sustainable alternatives to traditional fur,fashionwhouses?have?embraced?the?use?of?sustainable?alternatives?to?traditional?fur,0.9879518072289156,1,fashion houses have embraced the use of sustainable alternatives to traditional fur,1.0,0
they were rearended by a distracted driver,they?were?rearended?by?a?distracted?driver,1.0,0,they were rearended by a distracted driver,1.0,0
by 2180 climate scientists will have stabilized global temperatures,by?2180?climate?scientists?will?have?stanilized?glonal?temperatures,0.9701492537313432,2,by 2180 climate scientists will have stanilized glonal temperatures,0.9701492537313433,1
governance reforms and political initiatives will impact population growth rates by addressing systemic issues promoting human rights and fostering social cohesion and inclusivity,governance?reforms?and?politixal?initiatives?will?impact?population?growth?rages?by?addressing?systemix?issues?promoting?human?rights?and?fostering?social?cohesion?and?inclusivity,0.9832402234636872,3,governance reforms and political initiatives will impact population growth by addressing systemic issues promoting human rights and fostering social cohesion and inclusivity,0.9829545454545454,1
in the coming years population growth will be worsening traffic jams,in?the?xoming?years?population?growth?will?be?worsening?traffic?jams,0.9852941176470588,1,in the coming years population growth will be worsening traffic jams,1.0,0
unsupervised learning explores patterns and relationships in unlabeled datasets,unsupervised?learning?explores?patterns?and?relationships?in?unlabeled?datasets,1.0,0,unsupervised learning explores patterns and relationships in unlabeled datasets,1.0,0
we visited a vineyard and sampled different wines,we?visited?a?vineyard?and?sampled?different?wines,1.0,0,we visited a vineyard and sampled different wines,1.0,0
many individuals have been incorporating reading into their wellness routines recognizing its positive impact on stress reduction,many?individuals?have?been?inxorporating?reading?into?their?wellness?routines?rexognizing?its?positive?impact?on?stress?reduction,0.9844961240310076,2,many individuals have been incorporating reading into their wellness routines recognizing its positive impact on stress reduction,1.0,0
users will have access to a feature for scheduling appointments with professionals,users?will?have?access?to?a?feature?for?scheduling3appoingments?with?professionals,0.975609756097561,2,users will have access to a feature for scheduling appointments with professionals,1.0,0
researchers are evaluating the security of identity and access management systems,researchers?are?evaluating?the?security?of?identity?and?axcess?management?systems,0.9876543209876544,1,researchers are evaluating the security of identity and access management systems,1.0,0
in the future smart assistants will assist with pet training and behavior tips,in?the?future?smart?assistants?will?assist?with?pet?training?and?behavior?tips,1.0,0,in the future smart assistants will assist with pet training and behavior tips,1.0,0
the pyramids construction was a source of national pride for ancient egyptians,the?pyramids?construction?was?a?source?of?national?pride?for?ancient?egyptians,1.0,0,the pyramids construction was a source of national pride for ancient egyptians,1.0,0
standardized tests measure basic skills but may not capture a students full potential,standardized?tests?measure?basic?skills?but?may?not?capture?a?students?full?potential,1.0,0,standardized tests measure basic skills but may not capture a students full potential,1.0,0
by 2044 automated questionanswering systems will have extracted knowledge from biomedical texts,bys2044?automated?questiomanswering?systems?will?have?extracted?knowledge?from?biomedical?texts,0.9789473684210528,2,by2044 automated question answering systems will have extracted knowledge from biomedical texts,0.9894736842105263,2
in the far future biologists will have engineered new forms of life,in?the?far?future?niologists?will9have?engineeredwnew?forms?of?life,0.9552238805970148,3,in the far future niologists will have engineered new forms of life,0.9850746268656716,1
she had admired the moons beauty before the clouds covered it,she?had?admired?the?moons?neauty?before?the?clouds?covered?it,0.9836065573770492,1,she had admired the moons beauty before the clouds covered it,1.0,0
a trail of condensation stretches behind a highflying airplane in the sky,a?trail?of?condensation?stretxhes?behind?a?highflying?airplane?in?the?sky,0.9863013698630136,1,a trail of condensation stretches behind a highflying airplane in the sky,1.0,0
they will lead with compassion,they?will?lead?with?compassion,1.0,0,they will lead with compassion,1.0,0
governments will have enacted policies to ensure equitable digital access by 2860,governments?will?have?enacted?policies?to?ensure?equitable?digital?access?by?2760,0.9876543209876544,1,governments will have enacted policies to ensure equitable digital access by 2760,0.9876543209876543,1
it will be providing valuable insights,it?will?be?providing?valuable?insights,1.0,0,it will be providing valuable insights,1.0,0
sustainable construction initiatives have promoted the use of permeable surfaces for landscaping,sustainable?construxtion?initiatives?have?promoted?the?use?of?permeable?surfaces?for?landscaping,0.9895833333333334,1,sustainable construction initiatives have promoted the use of permeable surfaces for landscaping,1.0,0
continuous readers have been venturing into the realm of fantasy and science fiction nurturing creativity and imagination,continuous?readers?have?been?venturing?intovthe?realm?of?fantasy?abd?scienxe?fiction?nurturing?creagivity?and?imagination,0.9669421487603306,4,continuous readers have been venturing into the realm of fantasy and science fiction nurturing creativity and imagination,1.0,0
egyptologists deciphered the meaning of hieroglyphs found inside the pyramid,egyptologisgs?deciphered?the?meaning?of3hieroglyphs?found?inside?the?pyramid,0.9736842105263158,2,egyptologists deciphered the meaning of 3 hieroglyphs found inside the pyramid,0.987012987012987,1
property managers have implemented contactless leasing processes for tenant safety,property?managers?have?implemented?xontactless?leasing?proxesses?for?tenant?safety,0.975609756097561,2,property managers have implemented contactless leasing processes for tenant safety,1.0,0
future bangladesh upholds democratic values,future?nangladesh?upholds?democratic?nalues,0.9534883720930232,2,future bangladesh upholds democratic laws,0.9285714285714286,1
ethical hackers will specialize in specific areas such as cloud security or iot,ethical?haxkers?will?specialize?in?spexific?areas?such?as?cloud?sexurity?or?iot,0.9620253164556962,3,ethical hackers will specialize in specific areas such as cloud security or iot,1.0,0
researchers are investigating the mechanisms of drug delivery in the body,researchers?are?investigating?the?mexhanisms?of?drug?delivery?in?the?nody,0.9726027397260274,2,researchers are investigating the mechanisms of drug delivery in the node,0.9726027397260274,1
future bangladesh will uphold liberation ideals,future?bangladesh?will?uphold?liberation?ideals,1.0,0,future of bangladesh will uphold liberation ideals,0.9690721649484536,1
foreign universities prioritize a studentcentered approach to education,foreign?uninersities?prioritize?a0studentcentered?approach?to?eduxation,0.9577464788732394,3,foreign universities prioritize a studentcentered approach to education,1.0,0
they used to eat dinner late at night but changed to an earlier schedule,they?used?to?eag?dinner?late9at?night?but?changed?to?an?earlier?sxhedule,0.9583333333333334,3,they used to eat dinner late at night but changed to an earlier schedule,1.0,0
we went on a hiking trip and explored hidden caves in the mountains,we?went?on?a?hiking?trip2and?explored?hidden?canes?in?the?moungains,0.9552238805970148,3,we went on a hiking trip and explored hidden canyons in the mountains,0.9558823529411765,1
he studied the lives of prominent islamic scholars,he?studied?the?lives?of?prominent?islamic?scholars,1.0,0,he studied the lives of prominent islamic scholars,1.0,0
by 2030 rust will have become a dominant force in systems programming,ny?2030?rust?will?have?become?a?dominant?forxe?in?systems?programming,0.9710144927536232,2,ny 2030 rust will have become a dominant force in systems programming,0.9855072463768116,1
by 2040 javascript will have remained vital for both frontend and backend development,by?2040?javascripg8will7have?remained?vital?forxboth?frontend?and?backend?development,0.9529411764705882,4,by 2040 javascript 8 will 7 have remained vital for x both frontend and backend development,0.9659090909090909,3
biomedical text mining will have contributed to precision medicine initiatives by 2038,biomedical?text?mining?will?have?xontributed?to?precision?medicine?initiatives?by?2038,0.9883720930232558,1,biomedical text mining will have contributed to precision medicine initiatives by 2038,1.0,0
the sky was awash with the colors of dawn,the?sky?was?awash?with?the?colors?of?dawn,1.0,0,the sky was awash with the colors of dawn,1.0,0
life presents a constant stream of decisions big and small,life?presents?a?xonstantesgream?of?decisions?big?and?small,0.9482758620689656,3,life presents a constant stream of decisions big and small,1.0,0
we were browsing through a collection of essays for inspiration,we?were?browsing?through?a?collection?of?essays?for?inspiration,1.0,0,we were browsing through a collection of essays for inspiration,1.0,0
fighters are navigating the challenges of balancing fame and privacy,fighters?are?navigating?the?challenges?of?nalancing?fame?and?privaxy,0.9705882352941176,2,fighters are navigating the challenges of nancing fame and privacy,0.9701492537313433,1
ai will have been contributing to advancements in space exploration and research,ai?will?have?been?contrinuting?to?advancements?in?space?exploration?and?research,0.9875,1,ai will have been contributing to advancements in space exploration and research,1.0,0
chinese students have been pursuing education abroad contributing to global diversity,chinese?studentsahave?been?pursuing?education?abroad?xontributing?to?global?diversity,0.976470588235294,2,chinese students have been pursuing education abroad contributing to global diversity,1.0,0
she bowled an inswinging yorker to rattle the stumps,she?bowled?an?inswibging?yorker?to?rattle?the?stumps,0.9807692307692308,1,she bowled an inspiring yorker to rattle the stumps,0.9514563106796117,1
my history professor uses interactive games to teach complex topics,my?history?professor?uses?interactive?games?to?teaxh6complex?topics,0.9701492537313432,2,my history professor uses interactive games to teach complex topics,1.0,0
with a wet nose nudge the labrador begs for a scratch behind the ears,with?a?wet?nose?nudge?the?labrador?begs?for?a?scratch?behind?the?ears,1.0,0,with a wet nose nudge the labrador begs for a scratch behind the ears,1.0,0
food scientists are researching innovative packaging solutions to reduce environmental impact,food?scientists?are?researching?innonative?packaging?solutions?to?reduce?environmental?impact,0.989247311827957,1,food scientists are researching innovative packaging solutions to reduce environmental impact,1.0,0
they hiked through the forest last summer,they?hiked?through?the?forest?last?summer,1.0,0,they hiked through the forest last summer,1.0,0
residents will be organizing protests against noise pollution,residents?will?be4organizing?protests?against?noise?pollution,0.9836065573770492,1,residents will be organizing protests against noise pollution,1.0,0
the platform has been partnering with gaming communities for exclusive content,the?platform?has?been?partmering?with?gaming?communities?for?exclusive?content,0.9871794871794872,1,the platform has been partnering with gaming communities for exclusive content,1.0,0
builders have implemented strategies for minimizing construction waste and promoting recycling,builders?have?implemented?strategies?for?minimizing?xonstruction?waste?and?promoting?recyxling,0.9787234042553192,2,builders have implemented strategies for minimizing construction waste and promoting recycling,1.0,0
by next year the website will have launched a mobileresponsive design,by?next?year?the?website?will?have?launched?a?mobileresponsive?design,1.0,0,by next year the website will have launched a mobile responsive design,0.9928057553956835,1
white hat hackers are conducting vulnerability assessments on internetfacing systems,white?hat?hackers?are?conducting?vulnerability?assessments?on?internetfaxing?systems,0.988095238095238,1,white hat hackers are conducting vulnerability assessments on internet faxing systems,0.9822485207100592,1
in the next millennium the history of surgery will have been defined by the rise of robotics,in?the?next?millennium?the?history?of?surgery?will?have?been?defined?ny?the?rise?of?robotics,0.9891304347826086,1,in the next millennium the history of surgery will have been defined by the rise of robotics,1.0,0
ethical hackers are assessing the security of networkconnected energy infrastructure,ethical?haxkers?are?assessing?the?sexurity?of?networkconnexted?energy?infrastructure,0.9642857142857144,3,ethical hackers are assessing the security of network connected energy infrastructure,0.9940828402366864,1
freight companies will use autonomous trucks for longhaul transport,freight?companies?will?use?autonomous?trucks?for?longhauldtransport,0.9850746268656716,1,freight companies will use autonomous trucks for long haul transport,0.9925925925925926,1
he expressed gratitude for his friends kindness,he?expressed?gratitude?for?his?friends?kindness,1.0,0,he expressed gratitude for his friends kindness,1.0,0
penetration testing will help organizations prioritize security investments,penetration?testing?will?help?organizations?prioritize?security?investments,1.0,0,penetration testing will help organizations prioritize security investments,1.0,0
my father will go to california,my?father?will?go?to?california,1.0,0,my father will go to california,1.0,0
they aspire to market innovation,they?aspire?to?market?innovation,1.0,0,they aspire to market innovation,1.0,0
we visited a botanical garden and admired the exotic plants,we?visited?a?botanical?garden?and?admired?the?exotic?plants,1.0,0,we visited a botanical garden and admired the exotic plants,1.0,0
bangladeshi culinary creativity will flourish,bangladeshi?culinary?xreativity?will?flourish,0.9777777777777776,1,bangladeshi culinary creativity will flourish,1.0,0
the mosques architecture combined elements of different islamic traditions,the?mosques?arxhitecture?combinedtelements?of?different?islamic?traditions,0.972972972972973,2,the mosques architecture combined elements of different islamic traditions,1.0,0
bangladeshi traders embrace ecommerce platforms,bangladeshi?traders?embrace?ecommerxe?platforms,0.9787234042553192,1,bangladeshi traders embrace ecommerce platforms,1.0,0
the motorcycle crashed into a ditch,the?motorcycle?crashed0into?a?ditch,0.9714285714285714,1,the motorcycle crashed into a ditch,1.0,0
ethical hackers are assessing the security of networkconnected transportation systems,ethical?hackers?are?assessing0the?security?of?networkconnected?transportation?systems,0.9882352941176472,1,ethical hackers are assessing the security of network connected transportation systems,0.9941520467836257,1
incident response teams are conducting postmortem analysis of security incidents,incident?response?teams?are?conducting?postmortem?analysis?of?security?incidents,1.0,0,incident response teams are conducting postmortem analysis of security incidents,1.0,0
the global community will have achieved digital equality by 2160,the?global?community?will?have?achieved?digital3equality?by?2160,0.984375,1,the global community will have achieved digital equality by 2160,1.0,0
he dove to retrieve a low shot but it was just out of reach,he?dove?to5retrieve?a?low?shot?but?it?was?just?out?of?reach,0.9830508474576272,1,he dove to retrieve a low shot but it was just out of reach,1.0,0
in recent times women have been at the forefront of scientific discoveries and breakthroughs,in?recent?times?women?havewbeen?at?the?forefront?of?scientific?discoveries?and?breakthroughs,0.9891304347826086,1,in recent times women have been at the forefront of scientific discoveries and breakthroughs,1.0,0
biometric authentication will safeguard online accounts from unauthorized access,biometric?authentication?will?safeguard?online?axcounts?from?unauthorized?acxess,0.975,2,biometric authentication will safeguard online accounts from unauthorized access,1.0,0
the children played in the park and had a great time,the?children?played?in?the?park?and?had?a?great?time,1.0,0,the children played in the park and had a great time,1.0,0
he completed his homework before bedtime,he?completed?his?homework?before?nedtime,0.975,1,he completed his homework before night,0.8717948717948718,1
he completed a painting and sold it to a collector,he?xompleted?a?painting?and?sold?it?to?a?collector,0.98,1,he completed a painting and sold it to a collector,1.0,0
she served with precision and accuracy acing her opponent,she?served?with?precision?and?axcuracy?acibg?her?opponent,0.9649122807017544,2,she served with precision and accuracy against her opponent,0.9482758620689655,1
the volunteers cleaned up a beach and collected litter,the?volunteers?cleaned?up?a?beach?andwcollexted?litter,0.9629629629629628,2,the volunteers cleaned up a beach and collected litter,1.0,0
the fishermen had hooked a large grouper during their deepsea fishing trip,the?fishermen?had?hooked?a?large?grouper?during?their?deepsea?fishing?trip,1.0,0,the fishermen had hooked a large grouper during their deep sea fishing trip,0.9932885906040269,1
by 2050 amorphous computing will have transformed how we approach environmental conservation,by?2050?amorphous?xomputing?will?have?transformed?how?we?approach?environmental?conservation,0.9891304347826086,1,by 2050 amorphous xomputing will have transformed how we approach environmental conservation,0.9891304347826086,1
couples will have been seeking assisted reproductive technology options for fertility challenges for years,couples?will?have?been?seeking?assisted?reproductive?technology?options?for?fertility?challemges?for?years,0.9905660377358492,1,couples will have been seeking assisted reproductive technology options for fertility challenges,0.9504950495049505,1
he borrowed money from his retirement account,he?borrowed?momey?from?his?retirement?acxount,0.9555555555555556,2,he borrowed money from his retirement account,1.0,0
bangladeshs liberation symbolizes resilience,bangladeshs?liberation?symbolizes?resilience,1.0,0,bangladeshi liberation symbolizes resilience,0.9772727272727273,1
we went on a camping trip and roasted marshmallows over the fire,we?went?on?a?camping?trip?and?roasted7marshmallows?oner?the?fire,0.96875,2,we went on a camping trip and roasted 7 marshmallows on the fire,0.953125,2
it will be assisting in transportation infrastructure planning,it?will?be?assisting?inztransportation?infrastructure?planning,0.9838709677419356,1,it will be assisting in transportation infrastructure planning,1.0,0
astronauts train in zerogravity chambers to simulate the feeling of weightlessness in space,astronauts?train?in?zerogravity?chambers?to?simulate?ghe?feeling?of?weightlessness?in?space,0.989010989010989,1,astronauts train in zero gravity chambers to simulate the feeling of weightlessness in space,0.994535519125683,1
they will go to school,theynwill?go?to?school,0.9545454545454546,1,they will go to school,1.0,0
scientists will have integrated expert knowledge into automated biomedical text mining pipelines by 2035,scientists?will?have?integrated?expert?knowledge?into?automated?biomedical?text?mining?pipelines?by?2035,1.0,0,scientists will have integrated expert knowledge into automated biomedical text mining pipelines by 2035,1.0,0
it will be assisting in space exploration,it?will?be?assisting?in?space?exploration,1.0,0,it will be assisting in space exploration,1.0,0
he repaired the dent in the cars door,he?repaired?the?dent?in?the?cars?door,1.0,0,he repaired the dent in the cars door,1.0,0
voicecontrolled shopping interfaces will redefine convenience,voicecontrolled?shopping?interfaces?will?redefine?convenienxe,0.9836065573770492,1,voicecontrolled shopping interfaces will redefine convenience,1.0,0
chefs are experimenting with molecular gastronomy techniques for unique textures and flavors,chefs?are?experimenting?with?molexular?gastronomy?techniques?for?unique?textures?and?flavors,0.9891304347826086,1,chefs are experimenting with molecular gastronomy techniques for unique textures and flavors,1.0,0
women in stem have actively engaged in the exploration of space contributing to space missions,women?in?stem?have?actively?engaged?in?the?exploration?of?space?contribuging?to?space?missions,0.9893617021276596,1,women in stem have actively engaged in the exploration of space contributing to space missions,1.0,0
she has been organizing virtual meetups on facebook,she?has?been?organizing?virtual?meegups?on?facebook,0.9803921568627452,1,she has been organizing virtual meetups on facebook,1.0,0
climate adaptation measures will become increasingly important for communities,xlimate?adaptation?measures?will?become?inxreasingly?important?for?communigies,0.9615384615384616,3,climate adaptation measures will become increasingly important for communications,0.9685534591194969,1
crossvalidation assesses model performance across different subsets of the data,xrossvalidation?assesses?model?performance?across?different?subsets?of?the?data,0.9873417721518988,1,xrossvalidation assesses model performance across different subsets of the data,0.9873417721518988,1
tomorrow i will be teaching a new lesson on mathematics,tomorrow?i?will?ne?geaching?a?new?lesson?on?mathematics,0.9636363636363636,2,tomorrow i will negeaching a new lesson on mathematics,0.9541284403669725,1
bangladeshi culture will be celebrated worldwide,bamgladeshi?culture?will?be?celebrated?worldwide,0.9791666666666666,1,bangladeshi culture will be celebrated worldwide,1.0,0
the achievements of women in stem have fostered a more diverse and inclusive scientific community,thelachievements?of?women?in?stemfhave?fostered?a?more?diverse?and?inxlusive?sxientific?community,0.9587628865979382,4,theachievements of women in stem have fostered a more diverse and inclusive scientific community,0.9948186528497409,1
over the past decade women have contributed to the development of advanced robotics for medical applications,over?the?past?decade?women?have?contrinuted?to?the?development?of?adnanced?robotics?for?medical?applications,0.9814814814814816,2,over the past decade women have contributed to the development of advanced robotics for medical applications,1.0,0
she traveled to japan and immersed herself in the culture of kyoto,she?traveled?to?japan?and?immersed?herself?in?the?culture?of?kyoto,1.0,0,she traveled to japan and immersed herself in the culture of kyoto,1.0,0
